--
-- PostgreSQL database dump
--

-- Dumped from database version 16.1 (Ubuntu 16.1-1.pgdg22.04+1)
-- Dumped by pg_dump version 16.1 (Ubuntu 16.1-1.pgdg22.04+1)

SET statement_timeout = 0;
SET lock_timeout = 0;
SET idle_in_transaction_session_timeout = 0;
SET client_encoding = 'UTF8';
SET standard_conforming_strings = on;
SELECT pg_catalog.set_config('search_path', '', false);
SET check_function_bodies = false;
SET xmloption = content;
SET client_min_messages = warning;
SET row_security = off;

SET default_tablespace = '';

SET default_table_access_method = heap;

--
-- Name: auth_group; Type: TABLE; Schema: public; Owner: postgres
--

CREATE TABLE public.auth_group (
    id integer NOT NULL,
    name character varying(150) NOT NULL
);


ALTER TABLE public.auth_group OWNER TO postgres;

--
-- Name: auth_group_id_seq; Type: SEQUENCE; Schema: public; Owner: postgres
--

ALTER TABLE public.auth_group ALTER COLUMN id ADD GENERATED BY DEFAULT AS IDENTITY (
    SEQUENCE NAME public.auth_group_id_seq
    START WITH 1
    INCREMENT BY 1
    NO MINVALUE
    NO MAXVALUE
    CACHE 1
);


--
-- Name: auth_group_permissions; Type: TABLE; Schema: public; Owner: postgres
--

CREATE TABLE public.auth_group_permissions (
    id bigint NOT NULL,
    group_id integer NOT NULL,
    permission_id integer NOT NULL
);


ALTER TABLE public.auth_group_permissions OWNER TO postgres;

--
-- Name: auth_group_permissions_id_seq; Type: SEQUENCE; Schema: public; Owner: postgres
--

ALTER TABLE public.auth_group_permissions ALTER COLUMN id ADD GENERATED BY DEFAULT AS IDENTITY (
    SEQUENCE NAME public.auth_group_permissions_id_seq
    START WITH 1
    INCREMENT BY 1
    NO MINVALUE
    NO MAXVALUE
    CACHE 1
);


--
-- Name: auth_permission; Type: TABLE; Schema: public; Owner: postgres
--

CREATE TABLE public.auth_permission (
    id integer NOT NULL,
    name character varying(255) NOT NULL,
    content_type_id integer NOT NULL,
    codename character varying(100) NOT NULL
);


ALTER TABLE public.auth_permission OWNER TO postgres;

--
-- Name: auth_permission_id_seq; Type: SEQUENCE; Schema: public; Owner: postgres
--

ALTER TABLE public.auth_permission ALTER COLUMN id ADD GENERATED BY DEFAULT AS IDENTITY (
    SEQUENCE NAME public.auth_permission_id_seq
    START WITH 1
    INCREMENT BY 1
    NO MINVALUE
    NO MAXVALUE
    CACHE 1
);


--
-- Name: auth_user; Type: TABLE; Schema: public; Owner: postgres
--

CREATE TABLE public.auth_user (
    id integer NOT NULL,
    password character varying(128) NOT NULL,
    last_login timestamp with time zone,
    is_superuser boolean NOT NULL,
    username character varying(150) NOT NULL,
    first_name character varying(150) NOT NULL,
    last_name character varying(150) NOT NULL,
    email character varying(254) NOT NULL,
    is_staff boolean NOT NULL,
    is_active boolean NOT NULL,
    date_joined timestamp with time zone NOT NULL
);


ALTER TABLE public.auth_user OWNER TO postgres;

--
-- Name: auth_user_groups; Type: TABLE; Schema: public; Owner: postgres
--

CREATE TABLE public.auth_user_groups (
    id bigint NOT NULL,
    user_id integer NOT NULL,
    group_id integer NOT NULL
);


ALTER TABLE public.auth_user_groups OWNER TO postgres;

--
-- Name: auth_user_groups_id_seq; Type: SEQUENCE; Schema: public; Owner: postgres
--

ALTER TABLE public.auth_user_groups ALTER COLUMN id ADD GENERATED BY DEFAULT AS IDENTITY (
    SEQUENCE NAME public.auth_user_groups_id_seq
    START WITH 1
    INCREMENT BY 1
    NO MINVALUE
    NO MAXVALUE
    CACHE 1
);


--
-- Name: auth_user_id_seq; Type: SEQUENCE; Schema: public; Owner: postgres
--

ALTER TABLE public.auth_user ALTER COLUMN id ADD GENERATED BY DEFAULT AS IDENTITY (
    SEQUENCE NAME public.auth_user_id_seq
    START WITH 1
    INCREMENT BY 1
    NO MINVALUE
    NO MAXVALUE
    CACHE 1
);


--
-- Name: auth_user_user_permissions; Type: TABLE; Schema: public; Owner: postgres
--

CREATE TABLE public.auth_user_user_permissions (
    id bigint NOT NULL,
    user_id integer NOT NULL,
    permission_id integer NOT NULL
);


ALTER TABLE public.auth_user_user_permissions OWNER TO postgres;

--
-- Name: auth_user_user_permissions_id_seq; Type: SEQUENCE; Schema: public; Owner: postgres
--

ALTER TABLE public.auth_user_user_permissions ALTER COLUMN id ADD GENERATED BY DEFAULT AS IDENTITY (
    SEQUENCE NAME public.auth_user_user_permissions_id_seq
    START WITH 1
    INCREMENT BY 1
    NO MINVALUE
    NO MAXVALUE
    CACHE 1
);


--
-- Name: django_admin_log; Type: TABLE; Schema: public; Owner: postgres
--

CREATE TABLE public.django_admin_log (
    id integer NOT NULL,
    action_time timestamp with time zone NOT NULL,
    object_id text,
    object_repr character varying(200) NOT NULL,
    action_flag smallint NOT NULL,
    change_message text NOT NULL,
    content_type_id integer,
    user_id integer NOT NULL,
    CONSTRAINT django_admin_log_action_flag_check CHECK ((action_flag >= 0))
);


ALTER TABLE public.django_admin_log OWNER TO postgres;

--
-- Name: django_admin_log_id_seq; Type: SEQUENCE; Schema: public; Owner: postgres
--

ALTER TABLE public.django_admin_log ALTER COLUMN id ADD GENERATED BY DEFAULT AS IDENTITY (
    SEQUENCE NAME public.django_admin_log_id_seq
    START WITH 1
    INCREMENT BY 1
    NO MINVALUE
    NO MAXVALUE
    CACHE 1
);


--
-- Name: django_content_type; Type: TABLE; Schema: public; Owner: postgres
--

CREATE TABLE public.django_content_type (
    id integer NOT NULL,
    app_label character varying(100) NOT NULL,
    model character varying(100) NOT NULL
);


ALTER TABLE public.django_content_type OWNER TO postgres;

--
-- Name: django_content_type_id_seq; Type: SEQUENCE; Schema: public; Owner: postgres
--

ALTER TABLE public.django_content_type ALTER COLUMN id ADD GENERATED BY DEFAULT AS IDENTITY (
    SEQUENCE NAME public.django_content_type_id_seq
    START WITH 1
    INCREMENT BY 1
    NO MINVALUE
    NO MAXVALUE
    CACHE 1
);


--
-- Name: django_migrations; Type: TABLE; Schema: public; Owner: postgres
--

CREATE TABLE public.django_migrations (
    id bigint NOT NULL,
    app character varying(255) NOT NULL,
    name character varying(255) NOT NULL,
    applied timestamp with time zone NOT NULL
);


ALTER TABLE public.django_migrations OWNER TO postgres;

--
-- Name: django_migrations_id_seq; Type: SEQUENCE; Schema: public; Owner: postgres
--

ALTER TABLE public.django_migrations ALTER COLUMN id ADD GENERATED BY DEFAULT AS IDENTITY (
    SEQUENCE NAME public.django_migrations_id_seq
    START WITH 1
    INCREMENT BY 1
    NO MINVALUE
    NO MAXVALUE
    CACHE 1
);


--
-- Name: django_session; Type: TABLE; Schema: public; Owner: postgres
--

CREATE TABLE public.django_session (
    session_key character varying(40) NOT NULL,
    session_data text NOT NULL,
    expire_date timestamp with time zone NOT NULL
);


ALTER TABLE public.django_session OWNER TO postgres;

--
-- Name: faltas; Type: TABLE; Schema: public; Owner: postgres
--

CREATE TABLE public.faltas (
    n_jogo integer NOT NULL,
    jogador_recebeu integer NOT NULL,
    jogador_marcou integer NOT NULL,
    time_marcou text NOT NULL,
    time_sofreu text NOT NULL,
    minuto integer NOT NULL
);


ALTER TABLE public.faltas OWNER TO postgres;

--
-- Name: gols; Type: TABLE; Schema: public; Owner: postgres
--

CREATE TABLE public.gols (
    n_jogo integer NOT NULL,
    jogador_marcou integer NOT NULL,
    jogador_assistencia integer NOT NULL,
    time_marcou text NOT NULL,
    time_sofreu text NOT NULL,
    minuto integer NOT NULL
);


ALTER TABLE public.gols OWNER TO postgres;

--
-- Name: jogador; Type: TABLE; Schema: public; Owner: postgres
--

CREATE TABLE public.jogador (
    bid integer NOT NULL,
    nome text NOT NULL,
    idade integer NOT NULL,
    posicao text DEFAULT 0,
    numero_camisa integer DEFAULT 0,
    nome_time text
);


ALTER TABLE public.jogador OWNER TO postgres;

--
-- Name: jogo; Type: TABLE; Schema: public; Owner: postgres
--

CREATE TABLE public.jogo (
    n_jogo integer NOT NULL,
    estadio text NOT NULL,
    time_visitante text NOT NULL,
    time_mandante text NOT NULL,
    placar_visitante integer NOT NULL,
    placar_mandante integer NOT NULL,
    n_rodada integer NOT NULL
);


ALTER TABLE public.jogo OWNER TO postgres;

--
-- Name: statsjogador; Type: TABLE; Schema: public; Owner: postgres
--

CREATE TABLE public.statsjogador (
    bid integer NOT NULL,
    faltas_sofridas integer DEFAULT 0,
    faltas_feitas integer DEFAULT 0,
    numero_de_gols integer DEFAULT 0,
    amarelos integer DEFAULT 0,
    vermelhos integer DEFAULT 0,
    numero_de_assistencias integer DEFAULT 0
);


ALTER TABLE public.statsjogador OWNER TO postgres;

--
-- Name: statstime; Type: TABLE; Schema: public; Owner: postgres
--

CREATE TABLE public.statstime (
    nome_time text NOT NULL,
    mando_de_campo text NOT NULL,
    gols_marcados integer DEFAULT 0,
    gols_sofridos integer DEFAULT 0,
    vitorias integer DEFAULT 0,
    derrotas integer DEFAULT 0,
    empates integer DEFAULT 0,
    pontos integer DEFAULT 0,
    saldo_de_gols integer DEFAULT 0,
    num_jogos integer DEFAULT 0
);


ALTER TABLE public.statstime OWNER TO postgres;

--
-- Name: substituicoes; Type: TABLE; Schema: public; Owner: postgres
--

CREATE TABLE public.substituicoes (
    n_jogo integer NOT NULL,
    jogador_saiu integer NOT NULL,
    jogador_entrou integer NOT NULL,
    team text NOT NULL,
    minuto integer NOT NULL
);


ALTER TABLE public.substituicoes OWNER TO postgres;

--
-- Name: team; Type: TABLE; Schema: public; Owner: postgres
--

CREATE TABLE public.team (
    nome_time text NOT NULL,
    serie character(1) NOT NULL,
    uf character varying(2) DEFAULT 0,
    tecnico text
);


ALTER TABLE public.team OWNER TO postgres;

--
-- Name: todos_faltas; Type: TABLE; Schema: public; Owner: postgres
--

CREATE TABLE public.todos_faltas (
    id bigint NOT NULL,
    "N_Jogo" integer NOT NULL,
    minuto integer NOT NULL,
    jogador_marcou_id integer NOT NULL,
    jogador_recebeu_id integer NOT NULL,
    jogo_id integer NOT NULL,
    time_marcou_id text NOT NULL,
    time_sofreu_id text NOT NULL
);


ALTER TABLE public.todos_faltas OWNER TO postgres;

--
-- Name: todos_faltas_id_seq; Type: SEQUENCE; Schema: public; Owner: postgres
--

ALTER TABLE public.todos_faltas ALTER COLUMN id ADD GENERATED BY DEFAULT AS IDENTITY (
    SEQUENCE NAME public.todos_faltas_id_seq
    START WITH 1
    INCREMENT BY 1
    NO MINVALUE
    NO MAXVALUE
    CACHE 1
);


--
-- Name: todos_gols; Type: TABLE; Schema: public; Owner: postgres
--

CREATE TABLE public.todos_gols (
    id bigint NOT NULL,
    "N_Jogo" integer NOT NULL,
    jogador_marcou integer NOT NULL,
    jogador_assistencia integer NOT NULL,
    time_marcou text NOT NULL,
    time_sofreu text NOT NULL,
    minuto integer NOT NULL,
    jogador_assistencia_obj_id integer NOT NULL,
    jogador_marcou_obj_id integer NOT NULL,
    jogo_id integer NOT NULL,
    time_marcou_obj_id text NOT NULL,
    time_sofreu_obj_id text NOT NULL
);


ALTER TABLE public.todos_gols OWNER TO postgres;

--
-- Name: todos_gols_id_seq; Type: SEQUENCE; Schema: public; Owner: postgres
--

ALTER TABLE public.todos_gols ALTER COLUMN id ADD GENERATED BY DEFAULT AS IDENTITY (
    SEQUENCE NAME public.todos_gols_id_seq
    START WITH 1
    INCREMENT BY 1
    NO MINVALUE
    NO MAXVALUE
    CACHE 1
);


--
-- Name: todos_jogador; Type: TABLE; Schema: public; Owner: postgres
--

CREATE TABLE public.todos_jogador (
    bid integer NOT NULL,
    nome text NOT NULL,
    idade integer NOT NULL,
    posicao text NOT NULL,
    numero_camisa integer NOT NULL,
    nome_time_id text
);


ALTER TABLE public.todos_jogador OWNER TO postgres;

--
-- Name: todos_jogo; Type: TABLE; Schema: public; Owner: postgres
--

CREATE TABLE public.todos_jogo (
    "N_Jogo" integer NOT NULL,
    estadio text NOT NULL,
    time_visitante text NOT NULL,
    time_mandante text NOT NULL,
    placar_visitante integer NOT NULL,
    placar_mandante integer NOT NULL,
    "N_rodada" integer NOT NULL
);


ALTER TABLE public.todos_jogo OWNER TO postgres;

--
-- Name: todos_statsjogador; Type: TABLE; Schema: public; Owner: postgres
--

CREATE TABLE public.todos_statsjogador (
    bid integer NOT NULL,
    faltas_sofridas integer NOT NULL,
    faltas_feitas integer NOT NULL,
    numero_de_gols integer NOT NULL,
    amarelos integer NOT NULL,
    vermelhos integer NOT NULL,
    numero_de_assistencias integer NOT NULL,
    jogador_id integer NOT NULL
);


ALTER TABLE public.todos_statsjogador OWNER TO postgres;

--
-- Name: todos_statstime; Type: TABLE; Schema: public; Owner: postgres
--

CREATE TABLE public.todos_statstime (
    id bigint NOT NULL,
    mando_de_campo text NOT NULL,
    gols_marcados integer NOT NULL,
    gols_sofridos integer NOT NULL,
    vitorias integer NOT NULL,
    derrotas integer NOT NULL,
    empates integer NOT NULL,
    pontos integer NOT NULL,
    saldo_de_gols integer NOT NULL,
    num_jogos integer NOT NULL,
    nome_time_id text NOT NULL
);


ALTER TABLE public.todos_statstime OWNER TO postgres;

--
-- Name: todos_statstime_id_seq; Type: SEQUENCE; Schema: public; Owner: postgres
--

ALTER TABLE public.todos_statstime ALTER COLUMN id ADD GENERATED BY DEFAULT AS IDENTITY (
    SEQUENCE NAME public.todos_statstime_id_seq
    START WITH 1
    INCREMENT BY 1
    NO MINVALUE
    NO MAXVALUE
    CACHE 1
);


--
-- Name: todos_substituicoes; Type: TABLE; Schema: public; Owner: postgres
--

CREATE TABLE public.todos_substituicoes (
    id bigint NOT NULL,
    "N_Jogo" integer NOT NULL,
    minuto integer NOT NULL,
    jogador_entrou_id integer NOT NULL,
    jogador_saiu_id integer NOT NULL,
    jogo_id integer NOT NULL,
    team_id text NOT NULL
);


ALTER TABLE public.todos_substituicoes OWNER TO postgres;

--
-- Name: todos_substituicoes_id_seq; Type: SEQUENCE; Schema: public; Owner: postgres
--

ALTER TABLE public.todos_substituicoes ALTER COLUMN id ADD GENERATED BY DEFAULT AS IDENTITY (
    SEQUENCE NAME public.todos_substituicoes_id_seq
    START WITH 1
    INCREMENT BY 1
    NO MINVALUE
    NO MAXVALUE
    CACHE 1
);


--
-- Name: todos_team; Type: TABLE; Schema: public; Owner: postgres
--

CREATE TABLE public.todos_team (
    nome_time text NOT NULL,
    serie character varying(1) NOT NULL,
    "UF" character varying(2) NOT NULL,
    tecnico text
);


ALTER TABLE public.todos_team OWNER TO postgres;

--
-- Name: view_nome_camisa_time; Type: VIEW; Schema: public; Owner: postgres
--

CREATE VIEW public.view_nome_camisa_time AS
 SELECT nome AS nome_jogador,
    numero_camisa,
    nome_time
   FROM public.jogador j;


ALTER VIEW public.view_nome_camisa_time OWNER TO postgres;

--
-- Name: view_todos_jogadores; Type: VIEW; Schema: public; Owner: postgres
--

CREATE VIEW public.view_todos_jogadores AS
 SELECT bid,
    nome,
    idade,
    posicao,
    numero_camisa,
    nome_time
   FROM public.jogador;


ALTER VIEW public.view_todos_jogadores OWNER TO postgres;

--
-- Name: view_todos_times; Type: VIEW; Schema: public; Owner: postgres
--

CREATE VIEW public.view_todos_times AS
 SELECT nome_time,
    serie,
    uf,
    tecnico
   FROM public.team;


ALTER VIEW public.view_todos_times OWNER TO postgres;

--
-- Data for Name: auth_group; Type: TABLE DATA; Schema: public; Owner: postgres
--

COPY public.auth_group (id, name) FROM stdin;
1	teste1
\.


--
-- Data for Name: auth_group_permissions; Type: TABLE DATA; Schema: public; Owner: postgres
--

COPY public.auth_group_permissions (id, group_id, permission_id) FROM stdin;
\.


--
-- Data for Name: auth_permission; Type: TABLE DATA; Schema: public; Owner: postgres
--

COPY public.auth_permission (id, name, content_type_id, codename) FROM stdin;
1	Can add log entry	1	add_logentry
2	Can change log entry	1	change_logentry
3	Can delete log entry	1	delete_logentry
4	Can view log entry	1	view_logentry
5	Can add permission	2	add_permission
6	Can change permission	2	change_permission
7	Can delete permission	2	delete_permission
8	Can view permission	2	view_permission
9	Can add group	3	add_group
10	Can change group	3	change_group
11	Can delete group	3	delete_group
12	Can view group	3	view_group
13	Can add user	4	add_user
14	Can change user	4	change_user
15	Can delete user	4	delete_user
16	Can view user	4	view_user
17	Can add content type	5	add_contenttype
18	Can change content type	5	change_contenttype
19	Can delete content type	5	delete_contenttype
20	Can view content type	5	view_contenttype
21	Can add session	6	add_session
22	Can change session	6	change_session
23	Can delete session	6	delete_session
24	Can view session	6	view_session
25	Can add gols	7	add_gols
26	Can change gols	7	change_gols
27	Can delete gols	7	delete_gols
28	Can view gols	7	view_gols
29	Can add stats time	8	add_statstime
30	Can change stats time	8	change_statstime
31	Can delete stats time	8	delete_statstime
32	Can view stats time	8	view_statstime
33	Can add jogador	9	add_jogador
34	Can change jogador	9	change_jogador
35	Can delete jogador	9	delete_jogador
36	Can view jogador	9	view_jogador
37	Can add stats jogador	10	add_statsjogador
38	Can change stats jogador	10	change_statsjogador
39	Can delete stats jogador	10	delete_statsjogador
40	Can view stats jogador	10	view_statsjogador
41	Can add substituicoes	11	add_substituicoes
42	Can change substituicoes	11	change_substituicoes
43	Can delete substituicoes	11	delete_substituicoes
44	Can view substituicoes	11	view_substituicoes
45	Can add jogo	12	add_jogo
46	Can change jogo	12	change_jogo
47	Can delete jogo	12	delete_jogo
48	Can view jogo	12	view_jogo
49	Can add faltas	13	add_faltas
50	Can change faltas	13	change_faltas
51	Can delete faltas	13	delete_faltas
52	Can view faltas	13	view_faltas
53	Can add team	14	add_team
54	Can change team	14	change_team
55	Can delete team	14	delete_team
56	Can view team	14	view_team
\.


--
-- Data for Name: auth_user; Type: TABLE DATA; Schema: public; Owner: postgres
--

COPY public.auth_user (id, password, last_login, is_superuser, username, first_name, last_name, email, is_staff, is_active, date_joined) FROM stdin;
1	pbkdf2_sha256$600000$FrUyEdUOz9iAWLezweAkvB$NbYniafPkQkUg58TZG+lApWIUwhlW/AgMS1KfKYh6xA=	2023-12-04 03:40:50.903546-03	t	admin			admin@campeonatobrasileiro.com	t	t	2023-12-04 03:40:25.384276-03
2	pbkdf2_sha256$600000$DmaU38p8sg7xHKmRQ1ly6c$ADRUpcXJH3lBytYjEoJh0CCV9IMribAfPv39Qo0dwSc=	\N	f	teste				f	t	2023-12-04 03:42:51-03
\.


--
-- Data for Name: auth_user_groups; Type: TABLE DATA; Schema: public; Owner: postgres
--

COPY public.auth_user_groups (id, user_id, group_id) FROM stdin;
\.


--
-- Data for Name: auth_user_user_permissions; Type: TABLE DATA; Schema: public; Owner: postgres
--

COPY public.auth_user_user_permissions (id, user_id, permission_id) FROM stdin;
\.


--
-- Data for Name: django_admin_log; Type: TABLE DATA; Schema: public; Owner: postgres
--

COPY public.django_admin_log (id, action_time, object_id, object_repr, action_flag, change_message, content_type_id, user_id) FROM stdin;
1	2023-12-04 03:42:52.204021-03	2	teste	1	[{"added": {}}]	4	1
2	2023-12-04 03:46:27.425515-03	2	teste	2	[]	4	1
3	2023-12-04 03:46:52.756454-03	1	teste1	1	[{"added": {}}]	3	1
\.


--
-- Data for Name: django_content_type; Type: TABLE DATA; Schema: public; Owner: postgres
--

COPY public.django_content_type (id, app_label, model) FROM stdin;
1	admin	logentry
2	auth	permission
3	auth	group
4	auth	user
5	contenttypes	contenttype
6	sessions	session
7	todos	gols
8	todos	statstime
9	todos	jogador
10	todos	statsjogador
11	todos	substituicoes
12	todos	jogo
13	todos	faltas
14	todos	team
\.


--
-- Data for Name: django_migrations; Type: TABLE DATA; Schema: public; Owner: postgres
--

COPY public.django_migrations (id, app, name, applied) FROM stdin;
1	contenttypes	0001_initial	2023-12-04 03:37:35.120822-03
2	auth	0001_initial	2023-12-04 03:37:35.313734-03
3	admin	0001_initial	2023-12-04 03:37:35.359507-03
4	admin	0002_logentry_remove_auto_add	2023-12-04 03:37:35.369709-03
5	admin	0003_logentry_add_action_flag_choices	2023-12-04 03:37:35.38-03
6	contenttypes	0002_remove_content_type_name	2023-12-04 03:37:35.400742-03
7	auth	0002_alter_permission_name_max_length	2023-12-04 03:37:35.414158-03
8	auth	0003_alter_user_email_max_length	2023-12-04 03:37:35.427656-03
9	auth	0004_alter_user_username_opts	2023-12-04 03:37:35.439869-03
10	auth	0005_alter_user_last_login_null	2023-12-04 03:37:35.452954-03
11	auth	0006_require_contenttypes_0002	2023-12-04 03:37:35.458082-03
12	auth	0007_alter_validators_add_error_messages	2023-12-04 03:37:35.468372-03
13	auth	0008_alter_user_username_max_length	2023-12-04 03:37:35.48862-03
14	auth	0009_alter_user_last_name_max_length	2023-12-04 03:37:35.499868-03
15	auth	0010_alter_group_name_max_length	2023-12-04 03:37:35.511707-03
16	auth	0011_update_proxy_permissions	2023-12-04 03:37:35.522465-03
17	auth	0012_alter_user_first_name_max_length	2023-12-04 03:37:35.532937-03
18	sessions	0001_initial	2023-12-04 03:37:35.572399-03
19	todos	0001_initial	2023-12-04 13:27:11.634606-03
\.


--
-- Data for Name: django_session; Type: TABLE DATA; Schema: public; Owner: postgres
--

COPY public.django_session (session_key, session_data, expire_date) FROM stdin;
drfrej35t8s0tt7sybs16oset7wijutw	.eJxVjDkOwjAUBe_iGln2j2InlPScIfqbcQDZUpYq4u7IUgpo38y8w0y4b3naV12mWczVeHP53Qj5paUBeWJ5VMu1bMtMtin2pKu9V9H37XT_DjKuudVdH5yjBE7Ya0TthAZJo9cEgB2PaVAK6iAwUmTuI4A6VFFIicCbzxcPZjlp:1rA2dO:POgnTs3RopuedY0YIe9woPybwxcFEdGOrvmZnoZbRkM	2023-12-18 03:40:50.908131-03
\.


--
-- Data for Name: faltas; Type: TABLE DATA; Schema: public; Owner: postgres
--

COPY public.faltas (n_jogo, jogador_recebeu, jogador_marcou, time_marcou, time_sofreu, minuto) FROM stdin;
\.


--
-- Data for Name: gols; Type: TABLE DATA; Schema: public; Owner: postgres
--

COPY public.gols (n_jogo, jogador_marcou, jogador_assistencia, time_marcou, time_sofreu, minuto) FROM stdin;
\.


--
-- Data for Name: jogador; Type: TABLE DATA; Schema: public; Owner: postgres
--

COPY public.jogador (bid, nome, idade, posicao, numero_camisa, nome_time) FROM stdin;
1	Gabigol	25	Atacante	9	Flamengo
2	Gustavo Gómez	29	Zagueiro	15	Palmeiras
3	Luciano	29	Atacante	11	São Paulo
\.


--
-- Data for Name: jogo; Type: TABLE DATA; Schema: public; Owner: postgres
--

COPY public.jogo (n_jogo, estadio, time_visitante, time_mandante, placar_visitante, placar_mandante, n_rodada) FROM stdin;
1	Estádio ABC	Flamengo	Palmeiras	1	2	5
\.


--
-- Data for Name: statsjogador; Type: TABLE DATA; Schema: public; Owner: postgres
--

COPY public.statsjogador (bid, faltas_sofridas, faltas_feitas, numero_de_gols, amarelos, vermelhos, numero_de_assistencias) FROM stdin;
\.


--
-- Data for Name: statstime; Type: TABLE DATA; Schema: public; Owner: postgres
--

COPY public.statstime (nome_time, mando_de_campo, gols_marcados, gols_sofridos, vitorias, derrotas, empates, pontos, saldo_de_gols, num_jogos) FROM stdin;
\.


--
-- Data for Name: substituicoes; Type: TABLE DATA; Schema: public; Owner: postgres
--

COPY public.substituicoes (n_jogo, jogador_saiu, jogador_entrou, team, minuto) FROM stdin;
\.


--
-- Data for Name: team; Type: TABLE DATA; Schema: public; Owner: postgres
--

COPY public.team (nome_time, serie, uf, tecnico) FROM stdin;
Flamengo	A	RJ	Renato Gaúcho
Palmeiras	A	SP	Abel Ferreira
São Paulo	A	SP	Hernán Crespo
\.


--
-- Data for Name: todos_faltas; Type: TABLE DATA; Schema: public; Owner: postgres
--

COPY public.todos_faltas (id, "N_Jogo", minuto, jogador_marcou_id, jogador_recebeu_id, jogo_id, time_marcou_id, time_sofreu_id) FROM stdin;
\.


--
-- Data for Name: todos_gols; Type: TABLE DATA; Schema: public; Owner: postgres
--

COPY public.todos_gols (id, "N_Jogo", jogador_marcou, jogador_assistencia, time_marcou, time_sofreu, minuto, jogador_assistencia_obj_id, jogador_marcou_obj_id, jogo_id, time_marcou_obj_id, time_sofreu_obj_id) FROM stdin;
\.


--
-- Data for Name: todos_jogador; Type: TABLE DATA; Schema: public; Owner: postgres
--

COPY public.todos_jogador (bid, nome, idade, posicao, numero_camisa, nome_time_id) FROM stdin;
1	Gabigol	25	Atacante	9	Flamengo
\.


--
-- Data for Name: todos_jogo; Type: TABLE DATA; Schema: public; Owner: postgres
--

COPY public.todos_jogo ("N_Jogo", estadio, time_visitante, time_mandante, placar_visitante, placar_mandante, "N_rodada") FROM stdin;
\.


--
-- Data for Name: todos_statsjogador; Type: TABLE DATA; Schema: public; Owner: postgres
--

COPY public.todos_statsjogador (bid, faltas_sofridas, faltas_feitas, numero_de_gols, amarelos, vermelhos, numero_de_assistencias, jogador_id) FROM stdin;
\.


--
-- Data for Name: todos_statstime; Type: TABLE DATA; Schema: public; Owner: postgres
--

COPY public.todos_statstime (id, mando_de_campo, gols_marcados, gols_sofridos, vitorias, derrotas, empates, pontos, saldo_de_gols, num_jogos, nome_time_id) FROM stdin;
\.


--
-- Data for Name: todos_substituicoes; Type: TABLE DATA; Schema: public; Owner: postgres
--

COPY public.todos_substituicoes (id, "N_Jogo", minuto, jogador_entrou_id, jogador_saiu_id, jogo_id, team_id) FROM stdin;
\.


--
-- Data for Name: todos_team; Type: TABLE DATA; Schema: public; Owner: postgres
--

COPY public.todos_team (nome_time, serie, "UF", tecnico) FROM stdin;
Flamengo	A	RJ	Renato Gaucho
\.


--
-- Name: auth_group_id_seq; Type: SEQUENCE SET; Schema: public; Owner: postgres
--

SELECT pg_catalog.setval('public.auth_group_id_seq', 1, true);


--
-- Name: auth_group_permissions_id_seq; Type: SEQUENCE SET; Schema: public; Owner: postgres
--

SELECT pg_catalog.setval('public.auth_group_permissions_id_seq', 1, false);


--
-- Name: auth_permission_id_seq; Type: SEQUENCE SET; Schema: public; Owner: postgres
--

SELECT pg_catalog.setval('public.auth_permission_id_seq', 56, true);


--
-- Name: auth_user_groups_id_seq; Type: SEQUENCE SET; Schema: public; Owner: postgres
--

SELECT pg_catalog.setval('public.auth_user_groups_id_seq', 1, false);


--
-- Name: auth_user_id_seq; Type: SEQUENCE SET; Schema: public; Owner: postgres
--

SELECT pg_catalog.setval('public.auth_user_id_seq', 2, true);


--
-- Name: auth_user_user_permissions_id_seq; Type: SEQUENCE SET; Schema: public; Owner: postgres
--

SELECT pg_catalog.setval('public.auth_user_user_permissions_id_seq', 1, false);


--
-- Name: django_admin_log_id_seq; Type: SEQUENCE SET; Schema: public; Owner: postgres
--

SELECT pg_catalog.setval('public.django_admin_log_id_seq', 3, true);


--
-- Name: django_content_type_id_seq; Type: SEQUENCE SET; Schema: public; Owner: postgres
--

SELECT pg_catalog.setval('public.django_content_type_id_seq', 14, true);


--
-- Name: django_migrations_id_seq; Type: SEQUENCE SET; Schema: public; Owner: postgres
--

SELECT pg_catalog.setval('public.django_migrations_id_seq', 19, true);


--
-- Name: todos_faltas_id_seq; Type: SEQUENCE SET; Schema: public; Owner: postgres
--

SELECT pg_catalog.setval('public.todos_faltas_id_seq', 1, false);


--
-- Name: todos_gols_id_seq; Type: SEQUENCE SET; Schema: public; Owner: postgres
--

SELECT pg_catalog.setval('public.todos_gols_id_seq', 1, false);


--
-- Name: todos_statstime_id_seq; Type: SEQUENCE SET; Schema: public; Owner: postgres
--

SELECT pg_catalog.setval('public.todos_statstime_id_seq', 1, false);


--
-- Name: todos_substituicoes_id_seq; Type: SEQUENCE SET; Schema: public; Owner: postgres
--

SELECT pg_catalog.setval('public.todos_substituicoes_id_seq', 1, false);


--
-- Name: auth_group auth_group_name_key; Type: CONSTRAINT; Schema: public; Owner: postgres
--

ALTER TABLE ONLY public.auth_group
    ADD CONSTRAINT auth_group_name_key UNIQUE (name);


--
-- Name: auth_group_permissions auth_group_permissions_group_id_permission_id_0cd325b0_uniq; Type: CONSTRAINT; Schema: public; Owner: postgres
--

ALTER TABLE ONLY public.auth_group_permissions
    ADD CONSTRAINT auth_group_permissions_group_id_permission_id_0cd325b0_uniq UNIQUE (group_id, permission_id);


--
-- Name: auth_group_permissions auth_group_permissions_pkey; Type: CONSTRAINT; Schema: public; Owner: postgres
--

ALTER TABLE ONLY public.auth_group_permissions
    ADD CONSTRAINT auth_group_permissions_pkey PRIMARY KEY (id);


--
-- Name: auth_group auth_group_pkey; Type: CONSTRAINT; Schema: public; Owner: postgres
--

ALTER TABLE ONLY public.auth_group
    ADD CONSTRAINT auth_group_pkey PRIMARY KEY (id);


--
-- Name: auth_permission auth_permission_content_type_id_codename_01ab375a_uniq; Type: CONSTRAINT; Schema: public; Owner: postgres
--

ALTER TABLE ONLY public.auth_permission
    ADD CONSTRAINT auth_permission_content_type_id_codename_01ab375a_uniq UNIQUE (content_type_id, codename);


--
-- Name: auth_permission auth_permission_pkey; Type: CONSTRAINT; Schema: public; Owner: postgres
--

ALTER TABLE ONLY public.auth_permission
    ADD CONSTRAINT auth_permission_pkey PRIMARY KEY (id);


--
-- Name: auth_user_groups auth_user_groups_pkey; Type: CONSTRAINT; Schema: public; Owner: postgres
--

ALTER TABLE ONLY public.auth_user_groups
    ADD CONSTRAINT auth_user_groups_pkey PRIMARY KEY (id);


--
-- Name: auth_user_groups auth_user_groups_user_id_group_id_94350c0c_uniq; Type: CONSTRAINT; Schema: public; Owner: postgres
--

ALTER TABLE ONLY public.auth_user_groups
    ADD CONSTRAINT auth_user_groups_user_id_group_id_94350c0c_uniq UNIQUE (user_id, group_id);


--
-- Name: auth_user auth_user_pkey; Type: CONSTRAINT; Schema: public; Owner: postgres
--

ALTER TABLE ONLY public.auth_user
    ADD CONSTRAINT auth_user_pkey PRIMARY KEY (id);


--
-- Name: auth_user_user_permissions auth_user_user_permissions_pkey; Type: CONSTRAINT; Schema: public; Owner: postgres
--

ALTER TABLE ONLY public.auth_user_user_permissions
    ADD CONSTRAINT auth_user_user_permissions_pkey PRIMARY KEY (id);


--
-- Name: auth_user_user_permissions auth_user_user_permissions_user_id_permission_id_14a6b632_uniq; Type: CONSTRAINT; Schema: public; Owner: postgres
--

ALTER TABLE ONLY public.auth_user_user_permissions
    ADD CONSTRAINT auth_user_user_permissions_user_id_permission_id_14a6b632_uniq UNIQUE (user_id, permission_id);


--
-- Name: auth_user auth_user_username_key; Type: CONSTRAINT; Schema: public; Owner: postgres
--

ALTER TABLE ONLY public.auth_user
    ADD CONSTRAINT auth_user_username_key UNIQUE (username);


--
-- Name: django_admin_log django_admin_log_pkey; Type: CONSTRAINT; Schema: public; Owner: postgres
--

ALTER TABLE ONLY public.django_admin_log
    ADD CONSTRAINT django_admin_log_pkey PRIMARY KEY (id);


--
-- Name: django_content_type django_content_type_app_label_model_76bd3d3b_uniq; Type: CONSTRAINT; Schema: public; Owner: postgres
--

ALTER TABLE ONLY public.django_content_type
    ADD CONSTRAINT django_content_type_app_label_model_76bd3d3b_uniq UNIQUE (app_label, model);


--
-- Name: django_content_type django_content_type_pkey; Type: CONSTRAINT; Schema: public; Owner: postgres
--

ALTER TABLE ONLY public.django_content_type
    ADD CONSTRAINT django_content_type_pkey PRIMARY KEY (id);


--
-- Name: django_migrations django_migrations_pkey; Type: CONSTRAINT; Schema: public; Owner: postgres
--

ALTER TABLE ONLY public.django_migrations
    ADD CONSTRAINT django_migrations_pkey PRIMARY KEY (id);


--
-- Name: django_session django_session_pkey; Type: CONSTRAINT; Schema: public; Owner: postgres
--

ALTER TABLE ONLY public.django_session
    ADD CONSTRAINT django_session_pkey PRIMARY KEY (session_key);


--
-- Name: jogador jogador_pkey; Type: CONSTRAINT; Schema: public; Owner: postgres
--

ALTER TABLE ONLY public.jogador
    ADD CONSTRAINT jogador_pkey PRIMARY KEY (bid);


--
-- Name: jogo jogo_pkey; Type: CONSTRAINT; Schema: public; Owner: postgres
--

ALTER TABLE ONLY public.jogo
    ADD CONSTRAINT jogo_pkey PRIMARY KEY (n_jogo);


--
-- Name: statsjogador statsjogador_pkey; Type: CONSTRAINT; Schema: public; Owner: postgres
--

ALTER TABLE ONLY public.statsjogador
    ADD CONSTRAINT statsjogador_pkey PRIMARY KEY (bid);


--
-- Name: statstime statstime_pkey; Type: CONSTRAINT; Schema: public; Owner: postgres
--

ALTER TABLE ONLY public.statstime
    ADD CONSTRAINT statstime_pkey PRIMARY KEY (nome_time, mando_de_campo);


--
-- Name: team team_pkey; Type: CONSTRAINT; Schema: public; Owner: postgres
--

ALTER TABLE ONLY public.team
    ADD CONSTRAINT team_pkey PRIMARY KEY (nome_time);


--
-- Name: team team_tecnico_key; Type: CONSTRAINT; Schema: public; Owner: postgres
--

ALTER TABLE ONLY public.team
    ADD CONSTRAINT team_tecnico_key UNIQUE (tecnico);


--
-- Name: todos_faltas todos_faltas_pkey; Type: CONSTRAINT; Schema: public; Owner: postgres
--

ALTER TABLE ONLY public.todos_faltas
    ADD CONSTRAINT todos_faltas_pkey PRIMARY KEY (id);


--
-- Name: todos_gols todos_gols_pkey; Type: CONSTRAINT; Schema: public; Owner: postgres
--

ALTER TABLE ONLY public.todos_gols
    ADD CONSTRAINT todos_gols_pkey PRIMARY KEY (id);


--
-- Name: todos_jogador todos_jogador_pkey; Type: CONSTRAINT; Schema: public; Owner: postgres
--

ALTER TABLE ONLY public.todos_jogador
    ADD CONSTRAINT todos_jogador_pkey PRIMARY KEY (bid);


--
-- Name: todos_jogo todos_jogo_pkey; Type: CONSTRAINT; Schema: public; Owner: postgres
--

ALTER TABLE ONLY public.todos_jogo
    ADD CONSTRAINT todos_jogo_pkey PRIMARY KEY ("N_Jogo");


--
-- Name: todos_statsjogador todos_statsjogador_jogador_id_key; Type: CONSTRAINT; Schema: public; Owner: postgres
--

ALTER TABLE ONLY public.todos_statsjogador
    ADD CONSTRAINT todos_statsjogador_jogador_id_key UNIQUE (jogador_id);


--
-- Name: todos_statsjogador todos_statsjogador_pkey; Type: CONSTRAINT; Schema: public; Owner: postgres
--

ALTER TABLE ONLY public.todos_statsjogador
    ADD CONSTRAINT todos_statsjogador_pkey PRIMARY KEY (bid);


--
-- Name: todos_statstime todos_statstime_nome_time_id_mando_de_campo_54df98dd_uniq; Type: CONSTRAINT; Schema: public; Owner: postgres
--

ALTER TABLE ONLY public.todos_statstime
    ADD CONSTRAINT todos_statstime_nome_time_id_mando_de_campo_54df98dd_uniq UNIQUE (nome_time_id, mando_de_campo);


--
-- Name: todos_statstime todos_statstime_pkey; Type: CONSTRAINT; Schema: public; Owner: postgres
--

ALTER TABLE ONLY public.todos_statstime
    ADD CONSTRAINT todos_statstime_pkey PRIMARY KEY (id);


--
-- Name: todos_substituicoes todos_substituicoes_pkey; Type: CONSTRAINT; Schema: public; Owner: postgres
--

ALTER TABLE ONLY public.todos_substituicoes
    ADD CONSTRAINT todos_substituicoes_pkey PRIMARY KEY (id);


--
-- Name: todos_team todos_team_pkey; Type: CONSTRAINT; Schema: public; Owner: postgres
--

ALTER TABLE ONLY public.todos_team
    ADD CONSTRAINT todos_team_pkey PRIMARY KEY (nome_time);


--
-- Name: todos_team todos_team_tecnico_key; Type: CONSTRAINT; Schema: public; Owner: postgres
--

ALTER TABLE ONLY public.todos_team
    ADD CONSTRAINT todos_team_tecnico_key UNIQUE (tecnico);


--
-- Name: auth_group_name_a6ea08ec_like; Type: INDEX; Schema: public; Owner: postgres
--

CREATE INDEX auth_group_name_a6ea08ec_like ON public.auth_group USING btree (name varchar_pattern_ops);


--
-- Name: auth_group_permissions_group_id_b120cbf9; Type: INDEX; Schema: public; Owner: postgres
--

CREATE INDEX auth_group_permissions_group_id_b120cbf9 ON public.auth_group_permissions USING btree (group_id);


--
-- Name: auth_group_permissions_permission_id_84c5c92e; Type: INDEX; Schema: public; Owner: postgres
--

CREATE INDEX auth_group_permissions_permission_id_84c5c92e ON public.auth_group_permissions USING btree (permission_id);


--
-- Name: auth_permission_content_type_id_2f476e4b; Type: INDEX; Schema: public; Owner: postgres
--

CREATE INDEX auth_permission_content_type_id_2f476e4b ON public.auth_permission USING btree (content_type_id);


--
-- Name: auth_user_groups_group_id_97559544; Type: INDEX; Schema: public; Owner: postgres
--

CREATE INDEX auth_user_groups_group_id_97559544 ON public.auth_user_groups USING btree (group_id);


--
-- Name: auth_user_groups_user_id_6a12ed8b; Type: INDEX; Schema: public; Owner: postgres
--

CREATE INDEX auth_user_groups_user_id_6a12ed8b ON public.auth_user_groups USING btree (user_id);


--
-- Name: auth_user_user_permissions_permission_id_1fbb5f2c; Type: INDEX; Schema: public; Owner: postgres
--

CREATE INDEX auth_user_user_permissions_permission_id_1fbb5f2c ON public.auth_user_user_permissions USING btree (permission_id);


--
-- Name: auth_user_user_permissions_user_id_a95ead1b; Type: INDEX; Schema: public; Owner: postgres
--

CREATE INDEX auth_user_user_permissions_user_id_a95ead1b ON public.auth_user_user_permissions USING btree (user_id);


--
-- Name: auth_user_username_6821ab7c_like; Type: INDEX; Schema: public; Owner: postgres
--

CREATE INDEX auth_user_username_6821ab7c_like ON public.auth_user USING btree (username varchar_pattern_ops);


--
-- Name: django_admin_log_content_type_id_c4bce8eb; Type: INDEX; Schema: public; Owner: postgres
--

CREATE INDEX django_admin_log_content_type_id_c4bce8eb ON public.django_admin_log USING btree (content_type_id);


--
-- Name: django_admin_log_user_id_c564eba6; Type: INDEX; Schema: public; Owner: postgres
--

CREATE INDEX django_admin_log_user_id_c564eba6 ON public.django_admin_log USING btree (user_id);


--
-- Name: django_session_expire_date_a5c62663; Type: INDEX; Schema: public; Owner: postgres
--

CREATE INDEX django_session_expire_date_a5c62663 ON public.django_session USING btree (expire_date);


--
-- Name: django_session_session_key_c0390e0f_like; Type: INDEX; Schema: public; Owner: postgres
--

CREATE INDEX django_session_session_key_c0390e0f_like ON public.django_session USING btree (session_key varchar_pattern_ops);


--
-- Name: todos_faltas_jogador_marcou_id_c6ed3769; Type: INDEX; Schema: public; Owner: postgres
--

CREATE INDEX todos_faltas_jogador_marcou_id_c6ed3769 ON public.todos_faltas USING btree (jogador_marcou_id);


--
-- Name: todos_faltas_jogador_recebeu_id_a9ab6aba; Type: INDEX; Schema: public; Owner: postgres
--

CREATE INDEX todos_faltas_jogador_recebeu_id_a9ab6aba ON public.todos_faltas USING btree (jogador_recebeu_id);


--
-- Name: todos_faltas_jogo_id_f71be138; Type: INDEX; Schema: public; Owner: postgres
--

CREATE INDEX todos_faltas_jogo_id_f71be138 ON public.todos_faltas USING btree (jogo_id);


--
-- Name: todos_faltas_time_marcou_id_ad609c57; Type: INDEX; Schema: public; Owner: postgres
--

CREATE INDEX todos_faltas_time_marcou_id_ad609c57 ON public.todos_faltas USING btree (time_marcou_id);


--
-- Name: todos_faltas_time_marcou_id_ad609c57_like; Type: INDEX; Schema: public; Owner: postgres
--

CREATE INDEX todos_faltas_time_marcou_id_ad609c57_like ON public.todos_faltas USING btree (time_marcou_id text_pattern_ops);


--
-- Name: todos_faltas_time_sofreu_id_f6bc7dfe; Type: INDEX; Schema: public; Owner: postgres
--

CREATE INDEX todos_faltas_time_sofreu_id_f6bc7dfe ON public.todos_faltas USING btree (time_sofreu_id);


--
-- Name: todos_faltas_time_sofreu_id_f6bc7dfe_like; Type: INDEX; Schema: public; Owner: postgres
--

CREATE INDEX todos_faltas_time_sofreu_id_f6bc7dfe_like ON public.todos_faltas USING btree (time_sofreu_id text_pattern_ops);


--
-- Name: todos_gols_jogador_assistencia_obj_id_bd4115b9; Type: INDEX; Schema: public; Owner: postgres
--

CREATE INDEX todos_gols_jogador_assistencia_obj_id_bd4115b9 ON public.todos_gols USING btree (jogador_assistencia_obj_id);


--
-- Name: todos_gols_jogador_marcou_obj_id_f0115aa5; Type: INDEX; Schema: public; Owner: postgres
--

CREATE INDEX todos_gols_jogador_marcou_obj_id_f0115aa5 ON public.todos_gols USING btree (jogador_marcou_obj_id);


--
-- Name: todos_gols_jogo_id_4c47292a; Type: INDEX; Schema: public; Owner: postgres
--

CREATE INDEX todos_gols_jogo_id_4c47292a ON public.todos_gols USING btree (jogo_id);


--
-- Name: todos_gols_time_marcou_obj_id_fc1c0bee; Type: INDEX; Schema: public; Owner: postgres
--

CREATE INDEX todos_gols_time_marcou_obj_id_fc1c0bee ON public.todos_gols USING btree (time_marcou_obj_id);


--
-- Name: todos_gols_time_marcou_obj_id_fc1c0bee_like; Type: INDEX; Schema: public; Owner: postgres
--

CREATE INDEX todos_gols_time_marcou_obj_id_fc1c0bee_like ON public.todos_gols USING btree (time_marcou_obj_id text_pattern_ops);


--
-- Name: todos_gols_time_sofreu_obj_id_9231f14d; Type: INDEX; Schema: public; Owner: postgres
--

CREATE INDEX todos_gols_time_sofreu_obj_id_9231f14d ON public.todos_gols USING btree (time_sofreu_obj_id);


--
-- Name: todos_gols_time_sofreu_obj_id_9231f14d_like; Type: INDEX; Schema: public; Owner: postgres
--

CREATE INDEX todos_gols_time_sofreu_obj_id_9231f14d_like ON public.todos_gols USING btree (time_sofreu_obj_id text_pattern_ops);


--
-- Name: todos_jogador_nome_time_id_92d2f60c; Type: INDEX; Schema: public; Owner: postgres
--

CREATE INDEX todos_jogador_nome_time_id_92d2f60c ON public.todos_jogador USING btree (nome_time_id);


--
-- Name: todos_jogador_nome_time_id_92d2f60c_like; Type: INDEX; Schema: public; Owner: postgres
--

CREATE INDEX todos_jogador_nome_time_id_92d2f60c_like ON public.todos_jogador USING btree (nome_time_id text_pattern_ops);


--
-- Name: todos_statstime_nome_time_id_30f129e7; Type: INDEX; Schema: public; Owner: postgres
--

CREATE INDEX todos_statstime_nome_time_id_30f129e7 ON public.todos_statstime USING btree (nome_time_id);


--
-- Name: todos_statstime_nome_time_id_30f129e7_like; Type: INDEX; Schema: public; Owner: postgres
--

CREATE INDEX todos_statstime_nome_time_id_30f129e7_like ON public.todos_statstime USING btree (nome_time_id text_pattern_ops);


--
-- Name: todos_substituicoes_jogador_entrou_id_be6475b4; Type: INDEX; Schema: public; Owner: postgres
--

CREATE INDEX todos_substituicoes_jogador_entrou_id_be6475b4 ON public.todos_substituicoes USING btree (jogador_entrou_id);


--
-- Name: todos_substituicoes_jogador_saiu_id_3db6c04c; Type: INDEX; Schema: public; Owner: postgres
--

CREATE INDEX todos_substituicoes_jogador_saiu_id_3db6c04c ON public.todos_substituicoes USING btree (jogador_saiu_id);


--
-- Name: todos_substituicoes_jogo_id_7885656f; Type: INDEX; Schema: public; Owner: postgres
--

CREATE INDEX todos_substituicoes_jogo_id_7885656f ON public.todos_substituicoes USING btree (jogo_id);


--
-- Name: todos_substituicoes_team_id_2ea3e097; Type: INDEX; Schema: public; Owner: postgres
--

CREATE INDEX todos_substituicoes_team_id_2ea3e097 ON public.todos_substituicoes USING btree (team_id);


--
-- Name: todos_substituicoes_team_id_2ea3e097_like; Type: INDEX; Schema: public; Owner: postgres
--

CREATE INDEX todos_substituicoes_team_id_2ea3e097_like ON public.todos_substituicoes USING btree (team_id text_pattern_ops);


--
-- Name: todos_team_nome_time_e07cbf43_like; Type: INDEX; Schema: public; Owner: postgres
--

CREATE INDEX todos_team_nome_time_e07cbf43_like ON public.todos_team USING btree (nome_time text_pattern_ops);


--
-- Name: todos_team_tecnico_4fcd2340_like; Type: INDEX; Schema: public; Owner: postgres
--

CREATE INDEX todos_team_tecnico_4fcd2340_like ON public.todos_team USING btree (tecnico text_pattern_ops);


--
-- Name: auth_group_permissions auth_group_permissio_permission_id_84c5c92e_fk_auth_perm; Type: FK CONSTRAINT; Schema: public; Owner: postgres
--

ALTER TABLE ONLY public.auth_group_permissions
    ADD CONSTRAINT auth_group_permissio_permission_id_84c5c92e_fk_auth_perm FOREIGN KEY (permission_id) REFERENCES public.auth_permission(id) DEFERRABLE INITIALLY DEFERRED;


--
-- Name: auth_group_permissions auth_group_permissions_group_id_b120cbf9_fk_auth_group_id; Type: FK CONSTRAINT; Schema: public; Owner: postgres
--

ALTER TABLE ONLY public.auth_group_permissions
    ADD CONSTRAINT auth_group_permissions_group_id_b120cbf9_fk_auth_group_id FOREIGN KEY (group_id) REFERENCES public.auth_group(id) DEFERRABLE INITIALLY DEFERRED;


--
-- Name: auth_permission auth_permission_content_type_id_2f476e4b_fk_django_co; Type: FK CONSTRAINT; Schema: public; Owner: postgres
--

ALTER TABLE ONLY public.auth_permission
    ADD CONSTRAINT auth_permission_content_type_id_2f476e4b_fk_django_co FOREIGN KEY (content_type_id) REFERENCES public.django_content_type(id) DEFERRABLE INITIALLY DEFERRED;


--
-- Name: auth_user_groups auth_user_groups_group_id_97559544_fk_auth_group_id; Type: FK CONSTRAINT; Schema: public; Owner: postgres
--

ALTER TABLE ONLY public.auth_user_groups
    ADD CONSTRAINT auth_user_groups_group_id_97559544_fk_auth_group_id FOREIGN KEY (group_id) REFERENCES public.auth_group(id) DEFERRABLE INITIALLY DEFERRED;


--
-- Name: auth_user_groups auth_user_groups_user_id_6a12ed8b_fk_auth_user_id; Type: FK CONSTRAINT; Schema: public; Owner: postgres
--

ALTER TABLE ONLY public.auth_user_groups
    ADD CONSTRAINT auth_user_groups_user_id_6a12ed8b_fk_auth_user_id FOREIGN KEY (user_id) REFERENCES public.auth_user(id) DEFERRABLE INITIALLY DEFERRED;


--
-- Name: auth_user_user_permissions auth_user_user_permi_permission_id_1fbb5f2c_fk_auth_perm; Type: FK CONSTRAINT; Schema: public; Owner: postgres
--

ALTER TABLE ONLY public.auth_user_user_permissions
    ADD CONSTRAINT auth_user_user_permi_permission_id_1fbb5f2c_fk_auth_perm FOREIGN KEY (permission_id) REFERENCES public.auth_permission(id) DEFERRABLE INITIALLY DEFERRED;


--
-- Name: auth_user_user_permissions auth_user_user_permissions_user_id_a95ead1b_fk_auth_user_id; Type: FK CONSTRAINT; Schema: public; Owner: postgres
--

ALTER TABLE ONLY public.auth_user_user_permissions
    ADD CONSTRAINT auth_user_user_permissions_user_id_a95ead1b_fk_auth_user_id FOREIGN KEY (user_id) REFERENCES public.auth_user(id) DEFERRABLE INITIALLY DEFERRED;


--
-- Name: django_admin_log django_admin_log_content_type_id_c4bce8eb_fk_django_co; Type: FK CONSTRAINT; Schema: public; Owner: postgres
--

ALTER TABLE ONLY public.django_admin_log
    ADD CONSTRAINT django_admin_log_content_type_id_c4bce8eb_fk_django_co FOREIGN KEY (content_type_id) REFERENCES public.django_content_type(id) DEFERRABLE INITIALLY DEFERRED;


--
-- Name: django_admin_log django_admin_log_user_id_c564eba6_fk_auth_user_id; Type: FK CONSTRAINT; Schema: public; Owner: postgres
--

ALTER TABLE ONLY public.django_admin_log
    ADD CONSTRAINT django_admin_log_user_id_c564eba6_fk_auth_user_id FOREIGN KEY (user_id) REFERENCES public.auth_user(id) DEFERRABLE INITIALLY DEFERRED;


--
-- Name: faltas faltas_jogador_marcou_fkey; Type: FK CONSTRAINT; Schema: public; Owner: postgres
--

ALTER TABLE ONLY public.faltas
    ADD CONSTRAINT faltas_jogador_marcou_fkey FOREIGN KEY (jogador_marcou) REFERENCES public.jogador(bid) ON DELETE CASCADE;


--
-- Name: faltas faltas_jogador_recebeu_fkey; Type: FK CONSTRAINT; Schema: public; Owner: postgres
--

ALTER TABLE ONLY public.faltas
    ADD CONSTRAINT faltas_jogador_recebeu_fkey FOREIGN KEY (jogador_recebeu) REFERENCES public.jogador(bid) ON DELETE CASCADE;


--
-- Name: faltas faltas_n_jogo_fkey; Type: FK CONSTRAINT; Schema: public; Owner: postgres
--

ALTER TABLE ONLY public.faltas
    ADD CONSTRAINT faltas_n_jogo_fkey FOREIGN KEY (n_jogo) REFERENCES public.jogo(n_jogo) ON DELETE CASCADE;


--
-- Name: faltas faltas_time_marcou_fkey; Type: FK CONSTRAINT; Schema: public; Owner: postgres
--

ALTER TABLE ONLY public.faltas
    ADD CONSTRAINT faltas_time_marcou_fkey FOREIGN KEY (time_marcou) REFERENCES public.team(nome_time) ON DELETE CASCADE;


--
-- Name: faltas faltas_time_sofreu_fkey; Type: FK CONSTRAINT; Schema: public; Owner: postgres
--

ALTER TABLE ONLY public.faltas
    ADD CONSTRAINT faltas_time_sofreu_fkey FOREIGN KEY (time_sofreu) REFERENCES public.team(nome_time) ON DELETE CASCADE;


--
-- Name: gols gols_jogador_assistencia_fkey; Type: FK CONSTRAINT; Schema: public; Owner: postgres
--

ALTER TABLE ONLY public.gols
    ADD CONSTRAINT gols_jogador_assistencia_fkey FOREIGN KEY (jogador_assistencia) REFERENCES public.jogador(bid) ON DELETE CASCADE;


--
-- Name: gols gols_jogador_marcou_fkey; Type: FK CONSTRAINT; Schema: public; Owner: postgres
--

ALTER TABLE ONLY public.gols
    ADD CONSTRAINT gols_jogador_marcou_fkey FOREIGN KEY (jogador_marcou) REFERENCES public.jogador(bid) ON DELETE CASCADE;


--
-- Name: gols gols_n_jogo_fkey; Type: FK CONSTRAINT; Schema: public; Owner: postgres
--

ALTER TABLE ONLY public.gols
    ADD CONSTRAINT gols_n_jogo_fkey FOREIGN KEY (n_jogo) REFERENCES public.jogo(n_jogo) ON DELETE CASCADE;


--
-- Name: gols gols_time_marcou_fkey; Type: FK CONSTRAINT; Schema: public; Owner: postgres
--

ALTER TABLE ONLY public.gols
    ADD CONSTRAINT gols_time_marcou_fkey FOREIGN KEY (time_marcou) REFERENCES public.team(nome_time) ON DELETE CASCADE;


--
-- Name: gols gols_time_sofreu_fkey; Type: FK CONSTRAINT; Schema: public; Owner: postgres
--

ALTER TABLE ONLY public.gols
    ADD CONSTRAINT gols_time_sofreu_fkey FOREIGN KEY (time_sofreu) REFERENCES public.team(nome_time) ON DELETE CASCADE;


--
-- Name: jogador jogador_nome_time_fkey; Type: FK CONSTRAINT; Schema: public; Owner: postgres
--

ALTER TABLE ONLY public.jogador
    ADD CONSTRAINT jogador_nome_time_fkey FOREIGN KEY (nome_time) REFERENCES public.team(nome_time) ON DELETE CASCADE;


--
-- Name: statsjogador statsjogador_bid_fkey; Type: FK CONSTRAINT; Schema: public; Owner: postgres
--

ALTER TABLE ONLY public.statsjogador
    ADD CONSTRAINT statsjogador_bid_fkey FOREIGN KEY (bid) REFERENCES public.jogador(bid) ON DELETE CASCADE;


--
-- Name: statstime statstime_mando_de_campo_fkey; Type: FK CONSTRAINT; Schema: public; Owner: postgres
--

ALTER TABLE ONLY public.statstime
    ADD CONSTRAINT statstime_mando_de_campo_fkey FOREIGN KEY (mando_de_campo) REFERENCES public.team(nome_time) ON DELETE CASCADE;


--
-- Name: statstime statstime_nome_time_fkey; Type: FK CONSTRAINT; Schema: public; Owner: postgres
--

ALTER TABLE ONLY public.statstime
    ADD CONSTRAINT statstime_nome_time_fkey FOREIGN KEY (nome_time) REFERENCES public.team(nome_time) ON DELETE CASCADE;


--
-- Name: substituicoes substituicoes_jogador_entrou_fkey; Type: FK CONSTRAINT; Schema: public; Owner: postgres
--

ALTER TABLE ONLY public.substituicoes
    ADD CONSTRAINT substituicoes_jogador_entrou_fkey FOREIGN KEY (jogador_entrou) REFERENCES public.jogador(bid) ON DELETE CASCADE;


--
-- Name: substituicoes substituicoes_jogador_saiu_fkey; Type: FK CONSTRAINT; Schema: public; Owner: postgres
--

ALTER TABLE ONLY public.substituicoes
    ADD CONSTRAINT substituicoes_jogador_saiu_fkey FOREIGN KEY (jogador_saiu) REFERENCES public.jogador(bid) ON DELETE CASCADE;


--
-- Name: substituicoes substituicoes_n_jogo_fkey; Type: FK CONSTRAINT; Schema: public; Owner: postgres
--

ALTER TABLE ONLY public.substituicoes
    ADD CONSTRAINT substituicoes_n_jogo_fkey FOREIGN KEY (n_jogo) REFERENCES public.jogo(n_jogo) ON DELETE CASCADE;


--
-- Name: substituicoes substituicoes_team_fkey; Type: FK CONSTRAINT; Schema: public; Owner: postgres
--

ALTER TABLE ONLY public.substituicoes
    ADD CONSTRAINT substituicoes_team_fkey FOREIGN KEY (team) REFERENCES public.team(nome_time) ON DELETE CASCADE;


--
-- Name: todos_faltas todos_faltas_jogador_marcou_id_c6ed3769_fk_todos_jogador_bid; Type: FK CONSTRAINT; Schema: public; Owner: postgres
--

ALTER TABLE ONLY public.todos_faltas
    ADD CONSTRAINT todos_faltas_jogador_marcou_id_c6ed3769_fk_todos_jogador_bid FOREIGN KEY (jogador_marcou_id) REFERENCES public.todos_jogador(bid) DEFERRABLE INITIALLY DEFERRED;


--
-- Name: todos_faltas todos_faltas_jogador_recebeu_id_a9ab6aba_fk_todos_jogador_bid; Type: FK CONSTRAINT; Schema: public; Owner: postgres
--

ALTER TABLE ONLY public.todos_faltas
    ADD CONSTRAINT todos_faltas_jogador_recebeu_id_a9ab6aba_fk_todos_jogador_bid FOREIGN KEY (jogador_recebeu_id) REFERENCES public.todos_jogador(bid) DEFERRABLE INITIALLY DEFERRED;


--
-- Name: todos_faltas todos_faltas_jogo_id_f71be138_fk_todos_jogo_N_Jogo; Type: FK CONSTRAINT; Schema: public; Owner: postgres
--

ALTER TABLE ONLY public.todos_faltas
    ADD CONSTRAINT "todos_faltas_jogo_id_f71be138_fk_todos_jogo_N_Jogo" FOREIGN KEY (jogo_id) REFERENCES public.todos_jogo("N_Jogo") DEFERRABLE INITIALLY DEFERRED;


--
-- Name: todos_faltas todos_faltas_time_marcou_id_ad609c57_fk_todos_team_nome_time; Type: FK CONSTRAINT; Schema: public; Owner: postgres
--

ALTER TABLE ONLY public.todos_faltas
    ADD CONSTRAINT todos_faltas_time_marcou_id_ad609c57_fk_todos_team_nome_time FOREIGN KEY (time_marcou_id) REFERENCES public.todos_team(nome_time) DEFERRABLE INITIALLY DEFERRED;


--
-- Name: todos_faltas todos_faltas_time_sofreu_id_f6bc7dfe_fk_todos_team_nome_time; Type: FK CONSTRAINT; Schema: public; Owner: postgres
--

ALTER TABLE ONLY public.todos_faltas
    ADD CONSTRAINT todos_faltas_time_sofreu_id_f6bc7dfe_fk_todos_team_nome_time FOREIGN KEY (time_sofreu_id) REFERENCES public.todos_team(nome_time) DEFERRABLE INITIALLY DEFERRED;


--
-- Name: todos_gols todos_gols_jogador_assistencia__bd4115b9_fk_todos_jog; Type: FK CONSTRAINT; Schema: public; Owner: postgres
--

ALTER TABLE ONLY public.todos_gols
    ADD CONSTRAINT todos_gols_jogador_assistencia__bd4115b9_fk_todos_jog FOREIGN KEY (jogador_assistencia_obj_id) REFERENCES public.todos_jogador(bid) DEFERRABLE INITIALLY DEFERRED;


--
-- Name: todos_gols todos_gols_jogador_marcou_obj_id_f0115aa5_fk_todos_jogador_bid; Type: FK CONSTRAINT; Schema: public; Owner: postgres
--

ALTER TABLE ONLY public.todos_gols
    ADD CONSTRAINT todos_gols_jogador_marcou_obj_id_f0115aa5_fk_todos_jogador_bid FOREIGN KEY (jogador_marcou_obj_id) REFERENCES public.todos_jogador(bid) DEFERRABLE INITIALLY DEFERRED;


--
-- Name: todos_gols todos_gols_jogo_id_4c47292a_fk_todos_jogo_N_Jogo; Type: FK CONSTRAINT; Schema: public; Owner: postgres
--

ALTER TABLE ONLY public.todos_gols
    ADD CONSTRAINT "todos_gols_jogo_id_4c47292a_fk_todos_jogo_N_Jogo" FOREIGN KEY (jogo_id) REFERENCES public.todos_jogo("N_Jogo") DEFERRABLE INITIALLY DEFERRED;


--
-- Name: todos_gols todos_gols_time_marcou_obj_id_fc1c0bee_fk_todos_team_nome_time; Type: FK CONSTRAINT; Schema: public; Owner: postgres
--

ALTER TABLE ONLY public.todos_gols
    ADD CONSTRAINT todos_gols_time_marcou_obj_id_fc1c0bee_fk_todos_team_nome_time FOREIGN KEY (time_marcou_obj_id) REFERENCES public.todos_team(nome_time) DEFERRABLE INITIALLY DEFERRED;


--
-- Name: todos_gols todos_gols_time_sofreu_obj_id_9231f14d_fk_todos_team_nome_time; Type: FK CONSTRAINT; Schema: public; Owner: postgres
--

ALTER TABLE ONLY public.todos_gols
    ADD CONSTRAINT todos_gols_time_sofreu_obj_id_9231f14d_fk_todos_team_nome_time FOREIGN KEY (time_sofreu_obj_id) REFERENCES public.todos_team(nome_time) DEFERRABLE INITIALLY DEFERRED;


--
-- Name: todos_jogador todos_jogador_nome_time_id_92d2f60c_fk_todos_team_nome_time; Type: FK CONSTRAINT; Schema: public; Owner: postgres
--

ALTER TABLE ONLY public.todos_jogador
    ADD CONSTRAINT todos_jogador_nome_time_id_92d2f60c_fk_todos_team_nome_time FOREIGN KEY (nome_time_id) REFERENCES public.todos_team(nome_time) DEFERRABLE INITIALLY DEFERRED;


--
-- Name: todos_statsjogador todos_statsjogador_jogador_id_b50deb40_fk_todos_jogador_bid; Type: FK CONSTRAINT; Schema: public; Owner: postgres
--

ALTER TABLE ONLY public.todos_statsjogador
    ADD CONSTRAINT todos_statsjogador_jogador_id_b50deb40_fk_todos_jogador_bid FOREIGN KEY (jogador_id) REFERENCES public.todos_jogador(bid) DEFERRABLE INITIALLY DEFERRED;


--
-- Name: todos_statstime todos_statstime_nome_time_id_30f129e7_fk_todos_team_nome_time; Type: FK CONSTRAINT; Schema: public; Owner: postgres
--

ALTER TABLE ONLY public.todos_statstime
    ADD CONSTRAINT todos_statstime_nome_time_id_30f129e7_fk_todos_team_nome_time FOREIGN KEY (nome_time_id) REFERENCES public.todos_team(nome_time) DEFERRABLE INITIALLY DEFERRED;


--
-- Name: todos_substituicoes todos_substituicoes_jogador_entrou_id_be6475b4_fk_todos_jog; Type: FK CONSTRAINT; Schema: public; Owner: postgres
--

ALTER TABLE ONLY public.todos_substituicoes
    ADD CONSTRAINT todos_substituicoes_jogador_entrou_id_be6475b4_fk_todos_jog FOREIGN KEY (jogador_entrou_id) REFERENCES public.todos_jogador(bid) DEFERRABLE INITIALLY DEFERRED;


--
-- Name: todos_substituicoes todos_substituicoes_jogador_saiu_id_3db6c04c_fk_todos_jog; Type: FK CONSTRAINT; Schema: public; Owner: postgres
--

ALTER TABLE ONLY public.todos_substituicoes
    ADD CONSTRAINT todos_substituicoes_jogador_saiu_id_3db6c04c_fk_todos_jog FOREIGN KEY (jogador_saiu_id) REFERENCES public.todos_jogador(bid) DEFERRABLE INITIALLY DEFERRED;


--
-- Name: todos_substituicoes todos_substituicoes_jogo_id_7885656f_fk_todos_jogo_N_Jogo; Type: FK CONSTRAINT; Schema: public; Owner: postgres
--

ALTER TABLE ONLY public.todos_substituicoes
    ADD CONSTRAINT "todos_substituicoes_jogo_id_7885656f_fk_todos_jogo_N_Jogo" FOREIGN KEY (jogo_id) REFERENCES public.todos_jogo("N_Jogo") DEFERRABLE INITIALLY DEFERRED;


--
-- Name: todos_substituicoes todos_substituicoes_team_id_2ea3e097_fk_todos_team_nome_time; Type: FK CONSTRAINT; Schema: public; Owner: postgres
--

ALTER TABLE ONLY public.todos_substituicoes
    ADD CONSTRAINT todos_substituicoes_team_id_2ea3e097_fk_todos_team_nome_time FOREIGN KEY (team_id) REFERENCES public.todos_team(nome_time) DEFERRABLE INITIALLY DEFERRED;


--
-- PostgreSQL database dump complete
--

